{"cameraMode":{"drawMode":0,"name":"Shaded","section":"Shading Mode"},"sceneLighting":false,"audioPlay":false,"sceneViewState":{"m_AlwaysRefresh":false,"showFog":true,"showSkybox":false,"showFlares":true,"showImageEffects":true,"showParticleSystems":true,"showVisualEffectGraphs":true,"m_FxEnabled":true},"in2DMode":false,"pivot":{"x":-0.021473780274391176,"y":0.14709514379501344,"z":0.002107292413711548},"rotation":{"x":-0.3693661093711853,"y":-0.003594681154936552,"z":0.001510050380602479,"w":-0.9293363690376282},"size":0.28319576382637026,"orthographic":true}