{"cameraMode":{"drawMode":0,"name":"Shaded","section":"Shading Mode"},"sceneLighting":false,"audioPlay":false,"sceneViewState":{"m_AlwaysRefresh":false,"showFog":true,"showSkybox":false,"showFlares":true,"showImageEffects":true,"showParticleSystems":true,"showVisualEffectGraphs":true,"m_FxEnabled":true},"in2DMode":false,"pivot":{"x":-23.619112014770509,"y":18.428688049316408,"z":-18.896766662597658},"rotation":{"x":-0.542444109916687,"y":0.000548384094145149,"z":-0.0002606352209113538,"w":-0.8401579260826111},"size":0.850234866142273,"orthographic":true}