{"cameraMode":{"drawMode":0,"name":"Shaded","section":"Shading Mode"},"sceneLighting":false,"audioPlay":false,"sceneViewState":{"m_AlwaysRefresh":false,"showFog":true,"showSkybox":false,"showFlares":true,"showImageEffects":true,"showParticleSystems":true,"showVisualEffectGraphs":true,"m_FxEnabled":true},"in2DMode":false,"pivot":{"x":0.013394653797149659,"y":8.880051612854004,"z":-41.15297317504883},"rotation":{"x":-0.061769403517246249,"y":-0.004227802157402039,"z":0.0003022722667083144,"w":-0.998210072517395},"size":2.5770161151885988,"orthographic":true}