{"cameraMode":{"drawMode":0,"name":"Shaded","section":"Shading Mode"},"sceneLighting":true,"audioPlay":false,"sceneViewState":{"m_AlwaysRefresh":false,"showFog":true,"showSkybox":true,"showFlares":true,"showImageEffects":true,"showParticleSystems":true,"showVisualEffectGraphs":true,"m_FxEnabled":true},"in2DMode":false,"pivot":{"x":98.44506072998047,"y":0.05798614025115967,"z":0.013412773609161377},"rotation":{"x":-0.022794559597969056,"y":0.031751736998558047,"z":-0.0006148964748717845,"w":-0.9993690252304077},"size":5.2888288497924809,"orthographic":true}