{"cameraMode":{"drawMode":0,"name":"Shaded","section":"Shading Mode"},"sceneLighting":false,"audioPlay":false,"sceneViewState":{"m_AlwaysRefresh":false,"showFog":true,"showSkybox":false,"showFlares":true,"showImageEffects":true,"showParticleSystems":true,"showVisualEffectGraphs":true,"m_FxEnabled":true},"in2DMode":false,"pivot":{"x":-3.6322574615478517,"y":-3.6176517009735109,"z":0.0007328861393034458},"rotation":{"x":-0.1259819120168686,"y":-0.001222532708197832,"z":0.00020177653641439974,"w":-0.9921607971191406},"size":6.4406352043151859,"orthographic":true}