{"cameraMode":{"drawMode":0,"name":"Shaded","section":"Shading Mode"},"sceneLighting":false,"audioPlay":false,"sceneViewState":{"m_AlwaysRefresh":false,"showFog":true,"showSkybox":false,"showFlares":true,"showImageEffects":true,"showParticleSystems":true,"showVisualEffectGraphs":true,"m_FxEnabled":true},"in2DMode":false,"pivot":{"x":37.40223693847656,"y":2.3900771141052248,"z":-24.367820739746095},"rotation":{"x":-0.061769403517246249,"y":-0.004227802157402039,"z":0.0003022722667083144,"w":-0.998210072517395},"size":6.16337251663208,"orthographic":true}