{"cameraMode":{"drawMode":0,"name":"Shaded","section":"Shading Mode"},"sceneLighting":false,"audioPlay":false,"sceneViewState":{"m_AlwaysRefresh":false,"showFog":true,"showSkybox":false,"showFlares":true,"showImageEffects":true,"showParticleSystems":true,"showVisualEffectGraphs":true,"m_FxEnabled":true},"in2DMode":false,"pivot":{"x":-1.1920928955078126e-7,"y":0.45680516958236697,"z":-0.014935404062271119},"rotation":{"x":-0.03623349964618683,"y":-0.28361618518829348,"z":0.010759247466921807,"w":-0.9583262801170349},"size":1.0714828968048096,"orthographic":true}