{"cameraMode":{"drawMode":0,"name":"Shaded","section":"Shading Mode"},"sceneLighting":false,"audioPlay":false,"sceneViewState":{"m_AlwaysRefresh":false,"showFog":true,"showSkybox":false,"showFlares":true,"showImageEffects":true,"showParticleSystems":true,"showVisualEffectGraphs":true,"m_FxEnabled":true},"in2DMode":false,"pivot":{"x":37.35221481323242,"y":2.418318271636963,"z":-14.235305786132813},"rotation":{"x":-0.061769403517246249,"y":-0.004227802157402039,"z":0.0003022722667083144,"w":-0.998210072517395},"size":5.755038261413574,"orthographic":true}