{"cameraMode":{"drawMode":0,"name":"Shaded","section":"Shading Mode"},"sceneLighting":false,"audioPlay":false,"sceneViewState":{"m_AlwaysRefresh":false,"showFog":true,"showSkybox":false,"showFlares":true,"showImageEffects":true,"showParticleSystems":true,"showVisualEffectGraphs":true,"m_FxEnabled":true},"in2DMode":false,"pivot":{"x":-0.0018018484115600587,"y":-0.6464449763298035,"z":-1.043081283569336e-7},"rotation":{"x":-0.42984724044799807,"y":-0.010596701875329018,"z":0.0050142728723585609,"w":-0.9029523730278015},"size":0.7991025447845459,"orthographic":true}