{"cameraMode":{"drawMode":0,"name":"Shaded","section":"Shading Mode"},"sceneLighting":false,"audioPlay":false,"sceneViewState":{"m_AlwaysRefresh":false,"showFog":true,"showSkybox":false,"showFlares":true,"showImageEffects":true,"showParticleSystems":true,"showVisualEffectGraphs":true,"m_FxEnabled":true},"in2DMode":false,"pivot":{"x":0.002759575843811035,"y":8.813339233398438,"z":-46.90299987792969},"rotation":{"x":-0.061769403517246249,"y":-0.004227802157402039,"z":0.0003022722667083144,"w":-0.998210072517395},"size":2.1974682807922365,"orthographic":true}