{"cameraMode":{"drawMode":0,"name":"Shaded","section":"Shading Mode"},"sceneLighting":false,"audioPlay":false,"sceneViewState":{"m_AlwaysRefresh":false,"showFog":true,"showSkybox":false,"showFlares":true,"showImageEffects":true,"showParticleSystems":true,"showVisualEffectGraphs":true,"m_FxEnabled":true},"in2DMode":false,"pivot":{"x":-0.0002830525627359748,"y":0.0003065022174268961,"z":0.0009666690602898598},"rotation":{"x":-0.30259618163108828,"y":0.04884878173470497,"z":-0.015552802011370659,"w":-0.9518362283706665},"size":0.005352220963686705,"orthographic":true}